{
  "Baseline Moyenne": {
    "RMSE": 41.94179565195834,
    "MAE": 34.83,
    "NASA": 33354.47175535112
  },
  "R\u00e9gression 1 capteur": {
    "RMSE": 23.375923347232213,
    "MAE": 19.050489251909458,
    "NASA": 1516.4669542574343
  },
  "XGBoost": {
    "RMSE": 17.835665446348294,
    "MAE": 12.62038803100586,
    "NASA": 986.5768148270555
  },
  "LSTM": {
    "RMSE": 13.31273496895043,
    "MAE": 9.714770317077637,
    "NASA": 323.794847570441
  }
}